{"cpu_std": 0.0088134413670797052, "mem_mean": 11508940.800000001, "cpu_mean": 0.27768448000000001, "mem_std": 141045.21134785115}