{"cpu_std": 0.012922846834326837, "mem_mean": 11373772.800000001, "cpu_mean": 0.26531835040000001, "mem_std": 37843.138846559748}