{"cpu_std": 0.010455361414035575, "mem_mean": 11447500.800000001, "cpu_mean": 0.26647994139999998, "mem_std": 150059.01581231298}