{"cpu_std": 0.01786804973543224, "mem_mean": 11504844.800000001, "cpu_mean": 0.27971300719999992, "mem_std": 232621.06825857368}