{"cpu_std": 0.0050478283068193372, "mem_mean": 11401625.6, "cpu_mean": 0.3675830122, "mem_std": 140406.19604789524}